Id,Predicted
8957,0.24581224
4246,0.81243575
9089,0.22989461
10606,0.81107473
9863,0.81139874
11627,0.22989461
2338,0.81139874
13378,0.77942085
1643,0.24360496
6957,0.81243575
11597,0.8102575
1914,0.32031828
15712,0.25854307
8477,0.81243575
1976,0.8063854
15431,0.7703335
2870,0.81092334
10605,0.30121967
15707,0.25854307
4774,0.25851592
1176,0.81243575
5671,0.24462111
15067,0.24672267
2353,0.22989461
6964,0.8102575
17323,0.8102575
2497,0.8102575
997,0.2456291
3462,0.25187433
5511,0.24626698
5316,0.81092334
8654,0.81243575
4697,0.81139874
17197,0.28949365
9352,0.81243575
5084,0.81243575
3009,0.2523369
11330,0.23585458
7167,0.24462111
11227,0.81139874
2589,0.81139874
12051,0.8064378
2037,0.81243575
10865,0.81092334
9832,0.6267062
785,0.81243575
9962,0.25825363
9994,0.23567656
10529,0.81092334
11388,0.2456291
651,0.22989461
11941,0.2456291
2752,0.25028935
14088,0.22989461
2287,0.8120616
4836,0.23288131
12144,0.8063854
935,0.56546515
12504,0.23270486
13702,0.8102575
15483,0.24360496
15635,0.5676216
11030,0.81243575
9127,0.2397173
2530,0.25872388
16463,0.81243575
17576,0.81092334
10158,0.81243575
5966,0.81107473
11705,0.2523369
125,0.24958037
13028,0.81243575
16817,0.2523369
11014,0.27553135
11402,0.24626698
14179,0.81243575
4312,0.23567656
2101,0.81243575
10996,0.81243575
10926,0.81243575
446,0.81107473
14656,0.81243575
980,0.8070617
10894,0.81243575
8789,0.2604443
4621,0.81092334
4497,0.7950524
12210,0.2504748
10872,0.25872388
6041,0.24581224
11583,0.81243575
11794,0.2504748
6542,0.81243575
9221,0.25683084
16343,0.81092334
3766,0.80531925
5,0.23270486
3610,0.81243575
10572,0.81243575
16263,0.81243575
4931,0.81243575
243,0.24462111
11158,0.81092334
10933,0.81107473
17647,0.81092334
12786,0.809932
9934,0.81092334
17018,0.8014858
16239,0.24581224
15882,0.79778016
12529,0.81107473
17225,0.779842
17644,0.8102575
3398,0.2368691
4906,0.2504748
10838,0.81243575
6670,0.22989461
4395,0.2460836
14724,0.2777832
15098,0.81092334
10745,0.25148398
4959,0.6181209
2876,0.23669054
16765,0.23288131
11629,0.81243575
16255,0.7981213
17532,0.81092334
13631,0.7957582
13134,0.79470736
4932,0.25806442
1305,0.81139874
9508,0.81092334
13402,0.2460836
13256,0.809932
17096,0.81092334
15070,0.81107473
6097,0.809932
16076,0.779842
5192,0.81092334
9509,0.8067679
15682,0.8102575
11301,0.81243575
6045,0.81243575
10657,0.23669054
12398,0.81139874
4692,0.318168
11428,0.23288131
2389,0.81243575
9683,0.81243575
8796,0.2946611
6902,0.25851592
6295,0.81139874
15149,0.81243575
16022,0.25854307
14400,0.81243575
443,0.81243575
17809,0.81243575
8531,0.25187433
10251,0.81092334
6886,0.22989461
8052,0.81243575
10747,0.2602355
4499,0.81139874
12538,0.81243575
16625,0.8067679
4765,0.2523369
2792,0.81107473
1317,0.81243575
4043,0.81243575
9831,0.81092334
13758,0.81092334
15400,0.81092334
11631,0.23332363
9654,0.81107473
850,0.81139874
11108,0.81243575
11662,0.81092334
12709,0.24342296
15503,0.81243575
14607,0.2604443
4958,0.25028935
1177,0.2460836
4833,0.24581224
4584,0.2523369
35,0.8102575
3035,0.23288131
13616,0.81092334
7085,0.81243575
16981,0.81092334
7293,0.81092334
8628,0.25835368
11990,0.2905036
9209,0.81243575
3245,0.81092334
5572,0.23589274
13762,0.779842
12322,0.63408864
4108,0.32011303
14105,0.7805283
1709,0.25168818
12426,0.2829413
7577,0.81107473
6122,0.8102575
17521,0.81092334
13472,0.2456291
9059,0.77942085
1830,0.22989461
682,0.25148398
3601,0.8063478
11655,0.81139874
14041,0.8064378
5324,0.2456291
2155,0.23288131
13203,0.779842
3274,0.632677
7713,0.80605483
1828,0.81139874
908,0.24581224
7418,0.81092334
17800,0.2368691
1832,0.81243575
14826,0.24195938
16241,0.27843577
12326,0.81107473
6204,0.25168818
3897,0.78020513
29,0.80254406
8119,0.23585458
17451,0.81243575
666,0.81092334
9064,0.81139874
15052,0.2791675
16824,0.81139874
13818,0.7995728
16050,0.24170065
8701,0.81107473
12781,0.81243575
2041,0.81107473
14147,0.8064378
12785,0.25148398
4644,0.23270486
2433,0.8014858
1087,0.81092334
10813,0.81243575
9931,0.81092334
6125,0.81139874
10196,0.81243575
14738,0.81092334
1731,0.81092334
3327,0.23585458
10580,0.2523369
1602,0.8014858
1704,0.81092334
6452,0.25872388
9652,0.25854307
8353,0.80498725
6981,0.80605483
5825,0.27841935
5097,0.809932
4450,0.81243575
5892,0.81243575
14870,0.25997204
9503,0.31250712
635,0.779842
1583,0.2523369
377,0.2448037
11460,0.24499646
6499,0.81107473
4620,0.23288131
3846,0.27553135
10602,0.81243575
17531,0.809932
14039,0.31250712
13650,0.29620993
10045,0.24581224
17186,0.81243575
3747,0.25187433
16168,0.8102575
7434,0.8067679
75,0.81139874
17342,0.81139874
1810,0.23288131
14866,0.81107473
3110,0.8059983
7592,0.8070241
6261,0.809932
13608,0.78020513
10463,0.779842
9505,0.81243575
8996,0.81243575
8272,0.81092334
14956,0.81139874
9615,0.5784841
10754,0.8102575
10915,0.81139874
974,0.24581224
14435,0.80605483
10230,0.81243575
9968,0.23270486
9866,0.2500859
6995,0.81243575
8381,0.81092334
9476,0.79843795
10128,0.81243575
16327,0.81243575
614,0.2456291
11962,0.22989461
2276,0.25872388
4889,0.8063854
8866,0.8102575
11324,0.32227024
10092,0.81243575
903,0.81092334
2614,0.79843795
4297,0.81243575
457,0.81243575
1129,0.81243575
11983,0.81092334
16186,0.8057033
9186,0.81139874
8902,0.8004401
7787,0.81092334
1098,0.23288131
9862,0.27770367
4612,0.81139874
11782,0.81243575
7687,0.23174986
7746,0.22989461
5660,0.23288131
6560,0.809932
4953,0.77942085
10120,0.22989461
13918,0.81139874
9297,0.8063854
11526,0.81243575
11688,0.81139874
604,0.23270486
13907,0.27553135
15392,0.81243575
13811,0.25167
13171,0.809932
1215,0.81243575
15111,0.81243575
9701,0.81243575
10854,0.8035647
135,0.81092334
10733,0.81092334
6809,0.26025403
15813,0.27430886
2396,0.24195938
12299,0.81243575
17309,0.23958093
6590,0.24101704
1998,0.81107473
2367,0.8070617
14736,0.81243575
640,0.77942085
2605,0.24170065
6102,0.22989461
2706,0.23288131
15045,0.81243575
8596,0.81243575
4682,0.25683084
1110,0.81092334
11419,0.8102575
12520,0.25825363
14138,0.81243575
10994,0.81139874
3922,0.27841935
4322,0.24626698
978,0.81243575
9864,0.81139874
1917,0.81107473
9556,0.81092334
688,0.25187433
1774,0.30591875
820,0.81139874
12474,0.81243575
9634,0.25148398
17709,0.81092334
14063,0.81092334
187,0.32031828
17150,0.81243575
9172,0.29672164
11411,0.23270486
11717,0.81243575
53,0.81139874
6020,0.23589274
11235,0.27869755
3731,0.8102575
9890,0.24360496
12684,0.24462111
10146,0.81107473
14615,0.81092334
12689,0.81243575
14574,0.81243575
16442,0.81243575
2288,0.81107473
11775,0.25168818
1487,0.81243575
1579,0.81092334
5608,0.81243575
4555,0.809932
12747,0.81092334
3370,0.81243575
1593,0.23270486
10346,0.23940097
14988,0.23270486
6412,0.25187433
7118,0.22989461
1166,0.23270486
5612,0.8102575
10711,0.80782425
10107,0.81092334
11787,0.23245776
8343,0.27869755
12936,0.2981501
13085,0.24462111
14478,0.81107473
8491,0.7813673
7043,0.81107473
11864,0.22989461
14986,0.79470736
9649,0.24581224
14272,0.8064378
1150,0.62587327
1969,0.81092334
15119,0.81243575
6816,0.81243575
13438,0.2523369
6661,0.28949365
4956,0.8064378
6329,0.81092334
14405,0.24627407
4650,0.81243575
13132,0.23288131
16636,0.81139874
4443,0.2500859
2496,0.81243575
3989,0.28999817
12996,0.63906145
12636,0.81107473
17812,0.8102575
11661,0.8021749
11126,0.7813673
16359,0.77384067
16157,0.29620993
7254,0.25167
5586,0.81243575
16967,0.8064378
12515,0.81243575
4766,0.81107473
16011,0.8102575
2962,0.81243575
13497,0.81092334
6065,0.8102575
8817,0.81092334
7985,0.81139874
5014,0.81243575
15355,0.81243575
7146,0.8067679
4074,0.2460836
12762,0.81243575
9520,0.25872388
16854,0.25168818
5379,0.8064378
9911,0.22989461
14990,0.81139874
15183,0.81107473
10234,0.79847854
13740,0.2448037
6257,0.2604443
5268,0.81139874
10963,0.81243575
11270,0.25872388
16182,0.2398516
5305,0.81243575
15358,0.8070617
15383,0.24134506
11934,0.7786698
11149,0.25872388
9679,0.23288131
6365,0.77942085
9351,0.23989709
12107,0.81243575
5720,0.2456291
8210,0.81243575
12807,0.24462111
15077,0.8102575
9335,0.8021749
7876,0.2504748
10345,0.8021749
3390,0.81092334
12190,0.81243575
12497,0.8067679
1842,0.77384067
3801,0.81139874
15528,0.81092334
10398,0.8102575
13397,0.81243575
7970,0.81092334
12064,0.81243575
12870,0.81243575
1894,0.81092334
10971,0.81107473
8355,0.23585458
10044,0.2504748
4125,0.22989461
1672,0.8064378
9384,0.81243575
2908,0.81243575
8557,0.81107473
4493,0.80605483
17530,0.81243575
10336,0.81092334
3856,0.81243575
10466,0.24170065
10132,0.81243575
2645,0.22989461
4100,0.81243575
1026,0.80782425
4767,0.81243575
16598,0.3146465
575,0.25854307
846,0.81139874
17489,0.81092334
4888,0.81139874
6979,0.81243575
1012,0.81243575
16503,0.81139874
17379,0.2388598
9482,0.8070617
4951,0.81092334
2843,0.29620993
511,0.23298256
14672,0.23585458
3704,0.81243575
10621,0.6356683
17263,0.81107473
8378,0.2946611
6377,0.24195938
12759,0.81243575
12475,0.81139874
7020,0.81092334
15144,0.81139874
12746,0.25148398
11354,0.8102575
17570,0.7669655
8748,0.779842
6663,0.24013159
2224,0.81107473
13422,0.8064378
9106,0.81243575
9784,0.81243575
700,0.24672267
7789,0.81243575
15448,0.81092334
16441,0.779842
12162,0.8102575
10031,0.798073
7819,0.62752104
9619,0.81107473
16486,0.8067679
17316,0.81107473
13162,0.81107473
5464,0.81092334
7758,0.81107473
10710,0.2604443
4574,0.3146465
5785,0.81092334
7886,0.81243575
10256,0.81243575
85,0.80254406
3314,0.2456291
7509,0.81092334
12132,0.25187433
2536,0.81243575
11549,0.2519461
11159,0.81243575
1196,0.81092334
4324,0.81243575
3224,0.8102575
1148,0.81092334
12533,0.8064378
14647,0.81139874
17049,0.8102575
6948,0.2448037
2971,0.7805283
5075,0.80782425
13399,0.81243575
12496,0.78020513
1268,0.81139874
9944,0.27869755
16490,0.81243575
15762,0.81243575
3391,0.2600453
8763,0.81139874
1186,0.23669054
11700,0.79470736
10790,0.24342296
13476,0.31966212
1339,0.81243575
2514,0.81107473
6476,0.81107473
924,0.81243575
11877,0.78020513
13895,0.8070241
5990,0.39477134
1338,0.81243575
9375,0.81092334
5776,0.81092334
13677,0.81243575
10938,0.81139874
7648,0.24342296
10082,0.8067679
4470,0.2831418
1563,0.22989461
8051,0.23749676
9414,0.80605483
5520,0.30799702
276,0.24462111
12308,0.81243575
6764,0.28721264
17857,0.81139874
12615,0.77942085
12666,0.81243575
12454,0.24013159
14932,0.22989461
11271,0.81243575
3968,0.81139874
8181,0.24170065
3850,0.81107473
609,0.23288131
10662,0.2456291
15083,0.81139874
16815,0.25872388
16910,0.81092334
5081,0.8035647
2794,0.24462111
12598,0.8070617
10383,0.7957582
8191,0.2456291
11605,0.8063854
4535,0.81092334
2574,0.81092334
8897,0.8064378
10061,0.81092334
10479,0.2946611
17289,0.81139874
16617,0.81139874
2360,0.81243575
12021,0.25683084
5418,0.81243575
13035,0.81092334
3256,0.24581224
10923,0.2604443
6659,0.8067679
17565,0.81243575
3183,0.2504748
11468,0.2905036
11969,0.81243575
7454,0.27869755
1954,0.79778016
17251,0.81243575
12682,0.81092334
1230,0.81243575
7780,0.2777832
7195,0.81243575
15752,0.7669655
1231,0.78020513
8976,0.81243575
14903,0.23288131
4115,0.78020513
10011,0.81139874
10273,0.81139874
897,0.24462111
16728,0.81139874
6112,0.81139874
6498,0.81243575
4314,0.8064378
1875,0.81243575
2779,0.25028935
2293,0.23288131
11718,0.2504748
15108,0.80782425
1289,0.22989461
2602,0.24462111
5334,0.23288131
10055,0.22989461
3988,0.25825363
5350,0.24539173
9260,0.81139874
7697,0.23245776
7800,0.81243575
4540,0.81092334
10074,0.2604443
11000,0.81139874
3403,0.27841935
4923,0.77942085
4433,0.81243575
13937,0.8102575
2358,0.809932
735,0.81107473
6604,0.22989461
15091,0.81139874
11092,0.81092334
7690,0.81243575
16811,0.81243575
16693,0.80782425
5730,0.24009489
15593,0.8067679
11834,0.81139874
1977,0.25148398
5815,0.2504748
4755,0.23473291
11633,0.81107473
17539,0.24773721
14100,0.81092334
10350,0.24462111
10890,0.30799702
5361,0.81139874
97,0.27889618
4876,0.81243575
14173,0.27889618
2538,0.81243575
1525,0.24029885
10946,0.81139874
16528,0.81243575
1565,0.25683084
14604,0.31795374
3293,0.2981501
16203,0.81243575
6203,0.81107473
5120,0.81107473
10812,0.81107473
17136,0.2504748
16751,0.81243575
4143,0.809932
16874,0.81243575
2904,0.81107473
14832,0.81107473
7748,0.81092334
16275,0.61847883
7281,0.81243575
9428,0.81243575
11102,0.2585344
9393,0.779842
1421,0.81139874
840,0.81139874
5893,0.7813673
536,0.2500859
12247,0.81092334
613,0.81092334
14855,0.81139874
7239,0.25664228
15281,0.81092334
9111,0.80782425
2707,0.8064378
3706,0.77942085
5600,0.81243575
834,0.23288131
4461,0.8067679
6959,0.2511935
14301,0.23245776
3821,0.81243575
13766,0.81243575
111,0.24170065
6601,0.80782425
15234,0.8064378
15645,0.8064378
3910,0.78020513
14432,0.81107473
3162,0.31989804
10039,0.24626698
17542,0.24416839
6602,0.81243575
5393,0.24360496
12740,0.81092334
10214,0.8067679
3587,0.81139874
9753,0.7723001
6986,0.30759168
16258,0.2504748
5450,0.8102575
10403,0.81107473
12667,0.29620993
2255,0.81243575
16237,0.81243575
4975,0.81107473
5233,0.25187433
11246,0.23288131
7506,0.25872388
2411,0.8064378
4299,0.7790343
7822,0.81139874
1109,0.8102575
17690,0.8064378
9038,0.24627407
4271,0.23270486
8942,0.81243575
11222,0.81243575
454,0.81092334
17045,0.25835368
17512,0.81092334
13096,0.81139874
12024,0.7669655
12567,0.8014858
12998,0.23245776
16927,0.81107473
13084,0.809932
12699,0.81107473
3455,0.7669655
8548,0.24013159
4688,0.81139874
7996,0.779842
8521,0.81139874
15774,0.24342296
3905,0.81092334
2279,0.81243575
9950,0.27889618
6351,0.78020513
16456,0.22989461
15640,0.81139874
11675,0.23288131
5431,0.81092334
9573,0.2809444
17109,0.2829413
309,0.81243575
10805,0.81243575
6672,0.27798143
583,0.81243575
940,0.80605483
5829,0.25148398
5386,0.81139874
10596,0.81243575
9322,0.81243575
12278,0.7805283
9381,0.81139874
7341,0.81092334
8855,0.25872388
2188,0.81243575
11049,0.81243575
9792,0.81107473
13586,0.28564233
12036,0.81243575
9914,0.81107473
6216,0.79843795
11449,0.8102575
17179,0.81139874
8449,0.78020513
4506,0.24092767
2786,0.81243575
9729,0.81107473
13258,0.81243575
10200,0.80782425
5410,0.81243575
21,0.23288131
10485,0.81092334
1261,0.81107473
5442,0.779842
10866,0.22989461
341,0.81092334
6463,0.81092334
1157,0.81243575
15893,0.7926432
4751,0.81243575
2572,0.79843795
12074,0.81139874
8001,0.23669054
2625,0.80498725
10173,0.779842
15943,0.25187433
16051,0.8064378
14106,0.81092334
865,0.81139874
9979,0.81139874
11755,0.25168818
8279,0.24581224
17870,0.8064378
10231,0.81139874
16680,0.81107473
4481,0.7995728
16489,0.81139874
2757,0.81107473
13204,0.81139874
8267,0.28835526
15761,0.81107473
8955,0.22989461
7759,0.81107473
5584,0.81243575
17814,0.25028935
5984,0.779842
12938,0.2504748
2210,0.23270486
14229,0.8064378
6213,0.2460836
11123,0.25683084
2034,0.81107473
14960,0.81243575
14210,0.31271943
2758,0.81107473
8716,0.22989461
283,0.81139874
6931,0.81092334
15769,0.2981501
7292,0.2523369
16538,0.23567656
5059,0.23245776
16851,0.81092334
455,0.8102575
4969,0.79778016
7505,0.8102575
418,0.81243575
12661,0.8011489
12113,0.81092334
1550,0.8070617
13416,0.81107473
10384,0.81243575
11145,0.81139874
17613,0.2829413
1544,0.7957582
6838,0.25168818
2629,0.8028792
10352,0.8064378
6741,0.81092334
16436,0.8067679
11871,0.80498725
4345,0.81107473
10815,0.23270486
14523,0.7805283
4220,0.81243575
12009,0.81243575
16773,0.23288131
10884,0.81107473
14499,0.8064378
17625,0.77942085
7521,0.809932
8516,0.8102575
13051,0.81243575
15759,0.81139874
13856,0.81139874
9410,0.8102575
16676,0.24009489
3734,0.2946611
15894,0.81092334
7491,0.81092334
2361,0.81107473
2638,0.81243575
6161,0.25854307
1498,0.23288131
6839,0.81243575
17642,0.81092334
12640,0.81092334
2864,0.81243575
16744,0.2504748
10176,0.8063478
6251,0.81139874
11682,0.8063854
1334,0.28564233
2464,0.779842
2653,0.6356683
1573,0.81243575
15573,0.27889618
17079,0.28979477
16864,0.8067679
1970,0.77942085
7700,0.81243575
13520,0.8102575
10981,0.24581224
4023,0.2946611
13529,0.8102575
6093,0.3115924
3557,0.81139874
2340,0.259782
17469,0.81092334
12944,0.81139874
3236,0.25872388
9590,0.81243575
17347,0.8064378
10020,0.81092334
6944,0.81107473
3839,0.79470736
13864,0.5762982
5352,0.77384067
4251,0.24626698
8709,0.2604443
11256,0.81243575
17604,0.24672267
14758,0.81139874
6676,0.22989461
3929,0.81139874
9836,0.79739743
12967,0.81107473
16384,0.23567656
6108,0.8102575
9635,0.24195938
13046,0.25168818
13382,0.81107473
7606,0.81139874
8774,0.8067679
4223,0.81243575
11486,0.81107473
12122,0.25027126
13444,0.2604443
4389,0.81139874
11832,0.24626698
13674,0.779842
17105,0.81092334
6208,0.81139874
4789,0.24009489
16620,0.81243575
4438,0.5671297
5036,0.8035647
8386,0.81139874
10249,0.81243575
7120,0.8120616
6001,0.81243575
1412,0.22989461
3160,0.81092334
8768,0.23669054
1680,0.8102575
6885,0.8102575
2991,0.81092334
14931,0.8063478
4955,0.8070241
7616,0.81243575
11845,0.81243575
16948,0.25872388
1355,0.81243575
15074,0.81139874
2187,0.24462111
14646,0.81107473
13220,0.8102575
201,0.25785682
1071,0.2944558
14778,0.8102575
11169,0.81243575
13054,0.81107473
5940,0.7703335
9675,0.8102575
9479,0.24581224
14938,0.8102575
3119,0.81243575
6701,0.81139874
11929,0.81243575
5476,0.23288131
402,0.779842
1413,0.8053718
13990,0.23263408
5953,0.23288131
8320,0.8064378
17831,0.77942085
5975,0.81243575
13632,0.81092334
4961,0.25643545
4613,0.81243575
14334,0.25683084
13358,0.81139874
15154,0.2523369
5397,0.81243575
17226,0.23989709
16307,0.24958037
6458,0.809932
13678,0.81139874
3604,0.8102575
14851,0.81092334
6084,0.24170065
383,0.81107473
4831,0.81092334
4892,0.2566239
6431,0.81139874
15868,0.2500859
6034,0.77942085
14626,0.81092334
1499,0.8102575
3187,0.8102575
874,0.81243575
10744,0.81243575
15053,0.81139874
11442,0.81107473
15451,0.2504748
17510,0.30803326
14845,0.779842
3895,0.8064378
4154,0.27869755
16115,0.8067679
4649,0.8067679
13509,0.22989461
6196,0.81107473
7583,0.7946584
456,0.779842
7425,0.27935144
3340,0.81139874
2616,0.22989461
7661,0.8064378
4762,0.28544074
5740,0.81243575
2356,0.81243575
14413,0.24462111
12620,0.81139874
185,0.81139874
5751,0.81243575
4794,0.81092334
8113,0.81243575
4519,0.8064378
12449,0.22989461
6649,0.77942085
15585,0.23669054
11574,0.81139874
5909,0.81092334
14530,0.25148398
6450,0.81107473
9978,0.81139874
11331,0.81139874
6861,0.32011303
9202,0.81243575
8458,0.81139874
1,0.23270486
10012,0.81107473
15980,0.23270486
3621,0.8102575
11110,0.780201
7249,0.81243575
12797,0.809932
11017,0.81107473
3607,0.22989461
1665,0.2460836
524,0.23850207
8644,0.2379239
10,0.28544074
12658,0.8064378
7279,0.81243575
13747,0.8064378
16220,0.80782425
7097,0.81139874
7915,0.81107473
5475,0.81243575
4103,0.779842
9270,0.80605483
5478,0.27889618
5357,0.8102575
1642,0.81139874
4598,0.24581224
4827,0.2946611
13375,0.81243575
3149,0.25148398
17327,0.81139874
13563,0.81107473
15131,0.81243575
16339,0.81107473
12058,0.23245776
9483,0.79778016
2550,0.81139874
2894,0.81107473
13545,0.81139874
8442,0.81092334
11085,0.29620993
8706,0.81139874
11231,0.81243575
14543,0.8067679
17388,0.81139874
1233,0.81139874
10511,0.2504748
14489,0.80782425
5126,0.8064378
9019,0.25872388
15057,0.23585458
11491,0.81092334
6827,0.81243575
10161,0.81243575
7959,0.8021749
12630,0.23270486
16810,0.81243575
192,0.81243575
17069,0.81243575
3880,0.3146465
6305,0.77824706
15951,0.77942085
3665,0.81092334
15964,0.25213236
9550,0.81107473
6857,0.80782425
7531,0.81092334
16447,0.23850207
7772,0.81139874
8019,0.8102575
15303,0.22989461
3155,0.8064378
292,0.81107473
15587,0.81092334
16908,0.81243575
13000,0.78020513
10611,0.2604443
12186,0.81243575
14445,0.8021749
13330,0.81107473
13522,0.24009489
16197,0.81243575
729,0.81243575
6384,0.81243575
7833,0.2460836
327,0.81243575
4004,0.24360496
944,0.81139874
3171,0.81139874
13872,0.25148398
6589,0.23589274
1863,0.8064378
17516,0.34287068
12351,0.81243575
16487,0.7805283
8710,0.81243575
4645,0.81139874
9497,0.28634787
11010,0.24672267
9500,0.8067679
12462,0.22989461
13122,0.8063478
6854,0.81243575
10554,0.8064378
1520,0.2831418
14671,0.79843795
9894,0.24195938
12634,0.23245776
14807,0.25148398
3958,0.8102575
14051,0.81243575
17359,0.81243575
5091,0.24462111
3373,0.80498725
1821,0.79470736
2837,0.25854307
15413,0.22989461
1686,0.25187433
12508,0.81092334
14839,0.81139874
10760,0.2456291
10679,0.25872388
9276,0.8064378
7516,0.81243575
4835,0.779842
8867,0.80782425
10564,0.23270486
5711,0.81139874
15992,0.80605483
3442,0.779842
7635,0.81139874
7589,0.22989461
17790,0.81139874
13384,0.23589274
1477,0.7946584
5217,0.76691186
165,0.27843577
12311,0.81092334
15125,0.7813673
793,0.81243575
16826,0.2944558
9599,0.40510783
8391,0.81243575
8790,0.25664228
13646,0.81139874
17480,0.23669054
13921,0.81107473
1673,0.81139874
813,0.81243575
17130,0.779842
4546,0.23589274
12889,0.24672267
9988,0.8102575
9977,0.80782425
4844,0.2460836
7582,0.779842
14325,0.81107473
3681,0.8057033
15985,0.81243575
853,0.80676407
16302,0.80605483
8092,0.23270486
16838,0.8102575
2495,0.23288131
8573,0.24278972
17597,0.81139874
5842,0.809932
2309,0.2523369
13138,0.81139874
10803,0.23288131
15560,0.77942085
8177,0.8102575
14111,0.24170065
9164,0.23174986
1266,0.23270486
4652,0.81139874
7001,0.27841935
2767,0.2494033
8155,0.81092334
6051,0.7723001
8556,0.80782425
5663,0.23288131
10297,0.81139874
5868,0.23288131
659,0.8067679
1331,0.81139874
11396,0.81139874
13078,0.779842
10958,0.8102575
13170,0.23829989
9736,0.79778016
11353,0.7977391
3744,0.24195938
6387,0.81139874
14297,0.25028935
16303,0.25814596
1111,0.779842
8621,0.7950524
5291,0.27561602
7472,0.8035647
109,0.8067679
12446,0.81243575
13306,0.81243575
17000,0.81139874
14728,0.779842
8617,0.77942085
92,0.23245776
10096,0.7669655
3492,0.81243575
5611,0.23288131
16643,0.8102575
2642,0.81243575
14011,0.27841935
8501,0.81092334
4672,0.25148398
1934,0.81243575
8526,0.36259067
17195,0.28292215
13576,0.8064378
7539,0.27553135
16925,0.23270486
13095,0.81092334
1236,0.2981501
987,0.81139874
3014,0.29672164
7222,0.7926432
5221,0.8050662
441,0.80605483
16294,0.81243575
325,0.81243575
1869,0.23585458
4877,0.23288131
12764,0.81139874
17373,0.24672267
14811,0.81092334
8529,0.81107473
10907,0.24195938
6681,0.81243575
1660,0.8102575
8525,0.25028935
2881,0.23245776
16080,0.23270486
336,0.62587327
3830,0.81243575
3752,0.24672267
5348,0.2829413
14971,0.8102575
14682,0.8102575
12918,0.25643545
2174,0.23585458
5345,0.81243575
10228,0.23245776
5698,0.79470736
13792,0.77942085
718,0.25854307
9892,0.23315921
15449,0.8064378
15163,0.81243575
17462,0.29443577
13387,0.23298256
3498,0.81092334
13556,0.23288131
4388,0.8067679
7692,0.23270486
9052,0.23270486
15414,0.25814596
2346,0.779842
17411,0.8102575
5884,0.81139874
1800,0.81092334
4615,0.81243575
368,0.8063854
7649,0.25168818
3842,0.8102575
10156,0.8120616
3491,0.2821485
15977,0.30022466
10917,0.8067679
14663,0.24170065
4326,0.23669054
13683,0.81107473
11061,0.81107473
1066,0.2448037
9182,0.81139874
242,0.77942085
13739,0.23288131
1679,0.8064378
2624,0.809932
10633,0.27935144
10467,0.80254406
16071,0.28024966
1021,0.23288131
13272,0.81107473
15652,0.23589115
13986,0.81139874
5286,0.81243575
13048,0.24626698
12540,0.23288131
1140,0.3448519
2814,0.32031828
14978,0.81139874
7102,0.24195938
3347,0.8067679
10250,0.77384067
11279,0.25028935
12359,0.27841935
8971,0.24581224
4276,0.81139874
12828,0.8067679
1872,0.23334087
9255,0.81243575
12330,0.23270486
3441,0.81243575
4201,0.28564233
1243,0.81243575
13090,0.25148398
3221,0.81243575
7331,0.79470736
9827,0.28492752
2915,0.296004
16918,0.81243575
3408,0.79847854
2610,0.8064378
9464,0.8009764
15581,0.81243575
10334,0.24773721
10636,0.81107473
4185,0.81139874
6615,0.29989517
4604,0.27869755
4782,0.81092334
2997,0.24195938
4674,0.80605483
2588,0.2500859
13851,0.81243575
15381,0.81107473
10441,0.81139874
10496,0.81139874
8953,0.77942085
864,0.81092334
7563,0.8102575
7467,0.25872388
17,0.81243575
14705,0.8070617
14127,0.81139874
2756,0.2456291
8806,0.81139874
5668,0.81139874
13682,0.779842
13788,0.23245776
17527,0.81243575
11667,0.8067679
4934,0.81092334
1085,0.81243575
13475,0.79843795
6541,0.81243575
1648,0.8063478
3695,0.81092334
10510,0.81092334
2782,0.81139874
1432,0.81092334
1637,0.25028935
5481,0.81139874
4067,0.81092334
1346,0.24672267
12386,0.8064378
11669,0.80605483
10047,0.2460836
6696,0.81139874
539,0.81243575
10604,0.24581224
7069,0.8064378
8688,0.81107473
6477,0.27869755
15168,0.81139874
3264,0.7950524
948,0.81139874
16134,0.2504748
8116,0.2749999
17248,0.79778016
4065,0.81243575
16957,0.2504748
3785,0.23669054
422,0.81243575
16952,0.81139874
5958,0.27869755
13217,0.779842
3622,0.81243575
1353,0.8102575
1182,0.81243575
6062,0.81092334
17317,0.8102575
9900,0.8067679
5619,0.81243575
9207,0.24342296
9904,0.8064378
11027,0.80531925
17518,0.24525756
14120,0.2456291
6552,0.23288131
205,0.81107473
2940,0.81107473
166,0.81107473
805,0.81092334
4165,0.779842
3285,0.23270486
7701,0.81107473
15438,0.81092334
4727,0.809932
5604,0.2504748
13093,0.23270486
12397,0.81139874
1619,0.23585458
8178,0.23288131
4818,0.81243575
13188,0.81107473
7971,0.81243575
14624,0.24581224
10378,0.77384067
17063,0.80254406
5262,0.2504748
480,0.81107473
8035,0.25148398
14698,0.81139874
12659,0.80254406
17336,0.81107473
4626,0.81092334
9480,0.8102575
396,0.2831418
858,0.81107473
2787,0.28292215
15952,0.81092334
17124,0.8064378
9264,0.779842
9605,0.809932
17632,0.22989461
6404,0.81139874
5812,0.779842
277,0.81107473
10059,0.24462111
122,0.25331944
8874,0.81139874
15734,0.80498725
6977,0.81243575
6973,0.81107473
16590,0.8064378
7011,0.81092334
13572,0.81092334
15856,0.81243575
244,0.25028935
9561,0.81092334
5436,0.7977391
8237,0.2946611
1469,0.2757286
7460,0.81139874
15134,0.7813673
6140,0.81092334
16986,0.8102575
8614,0.2604443
15871,0.79739743
14373,0.7977391
14757,0.24672267
3056,0.81092334
8558,0.23245776
3234,0.23288131
17376,0.77942085
6333,0.81107473
4858,0.81139874
8475,0.3146465
7859,0.24195938
10741,0.8064378
14050,0.81139874
2945,0.24195938
6782,0.81243575
15387,0.81243575
5915,0.81139874
14651,0.24790765
2713,0.2504748
1058,0.8067679
3151,0.81139874
9591,0.79843795
9572,0.81092334
4137,0.81243575
16681,0.81139874
14693,0.231574
2386,0.2519461
2836,0.81107473
6401,0.25825363
4608,0.81107473
5205,0.24626698
8772,0.81243575
13433,0.8102575
15280,0.81092334
14729,0.25997204
5835,0.81092334
9090,0.8102575
5532,0.81243575
11023,0.2460836
5757,0.81139874
12614,0.23288131
8196,0.81139874
14802,0.25872388
209,0.3146465
12817,0.81092334
2135,0.81243575
3602,0.79877096
10799,0.25027126
16505,0.81243575
2399,0.81243575
14183,0.81243575
11054,0.8102575
15833,0.81092334
13124,0.81243575
4736,0.7981213
5858,0.25187433
6054,0.25872388
220,0.23288131
5197,0.81139874
9358,0.24581224
2856,0.81092334
9366,0.81243575
4544,0.81139874
10464,0.28492752
12665,0.81092334
3425,0.2604443
7906,0.81243575
8809,0.81243575
2555,0.81139874
13178,0.24278972
10800,0.27553135
473,0.30970585
12052,0.231574
15347,0.81092334
13469,0.80531925
2372,0.25872388
5713,0.81139874
8703,0.23971695
6317,0.81107473
4017,0.81243575
2764,0.22989461
16942,0.23288131
3588,0.77942085
14238,0.231574
9745,0.81092334
3287,0.81243575
10623,0.81139874
8407,0.24195938
5029,0.779842
16102,0.77942085
15818,0.81243575
14841,0.8064378
12422,0.23288131
14764,0.78020513
14653,0.7813673
7962,0.81243575
13121,0.81107473
11315,0.81139874
1383,0.7669655
6267,0.81243575
8228,0.81243575
8668,0.81243575
17074,0.77942085
3634,0.81092334
16675,0.779842
9507,0.25168818
16530,0.7786698
6188,0.24342296
8633,0.8102575
7548,0.81243575
11286,0.7981213
13344,0.81243575
10694,0.23270486
14946,0.8067679
1713,0.2460836
7448,0.27869755
8993,0.8067679
4914,0.81243575
15261,0.81243575
8631,0.2523369
7549,0.81139874
7061,0.24342296
3393,0.81092334
5131,0.23585458
6493,0.81107473
16277,0.81243575
12612,0.8102575
7854,0.22989461
6058,0.81139874
4363,0.81243575
14519,0.77942085
5232,0.8102575
4305,0.7707077
7199,0.22989461
1786,0.80498725
10111,0.7703335
12263,0.77942085
14496,0.25997204
7317,0.81243575
8687,0.2786179
6691,0.81107473
4250,0.24672267
6381,0.25997204
11806,0.77942085
16686,0.81243575
14209,0.22989461
11801,0.24773721
4949,0.8020031
1494,0.81107473
286,0.8063854
10594,0.81243575
2001,0.81139874
14674,0.7977391
14286,0.2443508
10988,0.25957352
15570,0.81243575
2447,0.8102575
12017,0.81092334
1683,0.7669655
13786,0.77942085
1815,0.23829989
12328,0.8067679
10552,0.81139874
17785,0.81107473
5106,0.22989461
48,0.28855804
14321,0.81107473
14142,0.28835526
11124,0.23263408
14346,0.24581224
6540,0.23270486
7145,0.29950216
9247,0.8011489
7202,0.81107473
2423,0.8102575
9324,0.8064378
1534,0.2500859
8200,0.81243575
7728,0.81243575
8689,0.81107473
133,0.25028935
17384,0.81243575
2884,0.81243575
11184,0.8102575
14473,0.81139874
9163,0.7786698
10434,0.81092334
14265,0.22989461
14836,0.22989461
5609,0.81139874
14676,0.81092334
14361,0.81092334
2418,0.25835368
8676,0.81139874
7188,0.81243575
17349,0.81107473
10339,0.23270486
4627,0.81092334
11239,0.81243575
17293,0.2777832
10034,0.2388598
14151,0.25187433
6972,0.81243575
14596,0.81092334
7108,0.81092334
15396,0.81092334
12880,0.2523369
2359,0.2456291
7321,0.81107473
9109,0.81243575
2176,0.79470736
5869,0.23270486
2534,0.27843577
3912,0.2300696
11943,0.23245776
7272,0.22989461
6128,0.779842
15272,0.24581224
4902,0.25028935
6546,0.81139874
6781,0.81107473
7009,0.22989461
5477,0.81092334
6436,0.81243575
14727,0.8067679
7032,0.81243575
17253,0.8064378
5465,0.81092334
5190,0.8102575
14128,0.809932
5773,0.81139874
14772,0.81092334
11603,0.81139874
17184,0.8102575
1034,0.22989461
7613,0.81243575
15334,0.81107473
13142,0.81139874
15797,0.25683084
7002,0.81139874
10104,0.81139874
13167,0.23270486
2249,0.79778016
9110,0.81139874
5519,0.81243575
12145,0.81092334
3214,0.23989709
8844,0.81092334
17824,0.259782
7256,0.81243575
17235,0.81139874
8190,0.81139874
1046,0.24342296
16480,0.81092334
13069,0.2460836
14830,0.27869755
17620,0.79843795
8850,0.28949365
1199,0.22989461
11252,0.24416839
15088,0.81092334
12261,0.81243575
7413,0.81139874
7233,0.8102575
3012,0.8064378
17727,0.27798143
16438,0.31989804
3038,0.81107473
4289,0.25825363
15806,0.81092334
13317,0.8102575
10211,0.2981501
2812,0.25148398
4007,0.22989461
5933,0.24009489
15512,0.81139874
9323,0.81092334
8898,0.81243575
3041,0.7813673
6914,0.81107473
14806,0.81092334
685,0.81243575
4812,0.81139874
3948,0.81243575
5027,0.2500859
11226,0.23245776
9767,0.81139874
2043,0.24462111
12174,0.81139874
5440,0.81092334
13237,0.8009764
1025,0.81139874
15418,0.81243575
3368,0.8102575
7921,0.2456291
2990,0.779842
9730,0.5784841
9768,0.23288131
17083,0.25683084
4616,0.23567656
14846,0.8102575
1812,0.3426264
15619,0.24195938
1720,0.81243575
10239,0.8102575
11093,0.5676216
5283,0.8014858
16940,0.81107473
1270,0.25148398
11383,0.809932
12124,0.22989461
12545,0.81139874
3962,0.8102575
3784,0.8064378
6708,0.81107473
5605,0.5645906
1298,0.81243575
6497,0.24416839
17171,0.77942085
14493,0.24360496
16059,0.81139874
7073,0.23585458
4476,0.8067679
4572,0.8067679
15583,0.28766912
3139,0.24416839
14194,0.81092334
6762,0.2460836
11850,0.81243575
6612,0.81139874
14657,0.7813673
12560,0.7813673
9726,0.81243575
4436,0.81243575
13957,0.81092334
13273,0.27553135
5209,0.62259203
12331,0.24626698
16409,0.81107473
5631,0.81092334
6321,0.81243575
15620,0.23288131
3446,0.31271943
16141,0.24581224
5280,0.8014689
8294,0.8102575
13445,0.81107473
6921,0.23263408
16627,0.23278886
16604,0.25835368
2248,0.81139874
9492,0.81243575
10429,0.29950216
13985,0.23288131
17206,0.2504748
5456,0.25148398
10433,0.81139874
14815,0.8064378
16581,0.79843795
17033,0.2504748
10279,0.81243575
13404,0.81107473
11497,0.2460836
11268,0.81092334
11409,0.81243575
14250,0.29620993
15569,0.2400318
6794,0.23585458
11176,0.3583715
2457,0.2523369
5317,0.81107473
16453,0.2746234
10898,0.22989461
1965,0.8067679
15800,0.27869755
5486,0.8067679
13899,0.81243575
14544,0.779842
13074,0.22989461
11263,0.81139874
16407,0.2504748
12736,0.81107473
3762,0.8102575
4300,0.81139874
6446,0.81139874
12492,0.22989461
16669,0.8102575
3719,0.2504748
11722,0.81243575
4783,0.2448037
6652,0.2946611
7148,0.23288131
3781,0.8102575
16532,0.24581224
12200,0.81243575
13040,0.25683084
14461,0.23270486
10349,0.23850207
3423,0.2460836
4041,0.81243575
14208,0.81092334
8417,0.81243575
15578,0.7669655
16250,0.8063854
11499,0.81092334
9091,0.23288131
11640,0.24581224
12303,0.7797845
3020,0.81092334
16459,0.81139874
1799,0.81092334
9655,0.81092334
2214,0.81243575
6293,0.23270486
7436,0.7813673
4113,0.81092334
8263,0.23991466
3605,0.81092334
3375,0.81243575
13858,0.80605483
13952,0.81107473
4434,0.2523369
2469,0.81243575
13201,0.81139874
4372,0.81243575
431,0.81243575
2029,0.27889618
7175,0.81107473
6539,0.8057033
1931,0.7995728
12018,0.25825363
13569,0.22989461
17810,0.81092334
13843,0.779842
7816,0.25872388
6595,0.7977391
16828,0.25168818
14997,0.8070617
7554,0.79778016
17160,0.24462111
9108,0.81139874
15004,0.81243575
6535,0.25148398
8233,0.81243575
5921,0.81139874
8571,0.28544074
49,0.7926432
798,0.8102575
1224,0.779842
16082,0.81139874
12956,0.81139874
6572,0.81139874
10912,0.81092334
11448,0.779842
10310,0.81243575
5038,0.2460836
7579,0.80531925
13364,0.8102575
15003,0.80782425
8587,0.63324696
13869,0.80782425
9874,0.25187433
3992,0.8011489
9707,0.8067679
15169,0.22989461
16655,0.8053718
7752,0.81243575
15365,0.81092334
3243,0.23288131
17615,0.81107473
14341,0.27908215
10042,0.81139874
16108,0.28949365
7799,0.8064378
13859,0.8053718
11058,0.81243575
15746,0.80782425
15150,0.29423055
14833,0.81139874
10331,0.81139874
7395,0.25872388
17640,0.25872388
10969,0.81243575
13105,0.8102575
16911,0.81243575
17854,0.8070241
2436,0.81243575
12556,0.81243575
6651,0.81243575
6200,0.24170065
9289,0.2523369
5046,0.8070241
2448,0.80782425
916,0.81139874
13481,0.81243575
5623,0.81139874
2515,0.2604443
14349,0.81243575
14939,0.81107473
10819,0.8102575
3939,0.81243575
13478,0.81092334
16377,0.8014858
5764,0.25825363
4679,0.23288131
12222,0.63324696
14979,0.24672267
9278,0.81243575
15811,0.81243575
12373,0.81092334
12393,0.8102575
10978,0.81243575
1589,0.24626698
17269,0.81092334
5492,0.25168818
369,0.81139874
12595,0.8021749
1826,0.24958037
9586,0.81243575
9239,0.81243575
10842,0.2500859
14228,0.29423055
2807,0.24462111
16690,0.24416839
12915,0.81243575
16095,0.24581224
15130,0.81243575
2000,0.8021749
11865,0.8070617
6587,0.25997204
12537,0.81092334
12424,0.81243575
11518,0.81092334
16497,0.81243575
4640,0.25683084
2811,0.24653906
10897,0.81092334
14993,0.2504748
7152,0.23669054
4280,0.81243575
1497,0.25168818
43,0.779842
11644,0.23270486
10089,0.81092334
13636,0.81243575
3696,0.23288131
15596,0.81107473
7683,0.809932
2024,0.8102575
12856,0.23245776
7708,0.81139874
7749,0.2456291
498,0.2890616
6752,0.81243575
7055,0.809932
14180,0.23669054
8848,0.23669054
11079,0.81092334
4516,0.2523369
12703,0.81243575
503,0.81139874
11148,0.81092334
2454,0.8102575
10718,0.7786698
11198,0.81139874
2126,0.81243575
17862,0.23585458
16276,0.81107473
2422,0.22989461
3303,0.77942085
11018,0.2583266
12138,0.81107473
474,0.81092334
11378,0.25148398
7802,0.779842
15940,0.23270486
15395,0.7669655
12869,0.24790765
17183,0.81139874
1524,0.24462111
4047,0.81139874
5142,0.779842
433,0.809932
2853,0.81139874
12108,0.25148398
189,0.24170065
1895,0.23288131
5949,0.25028935
5457,0.77384067
9690,0.81092334
4712,0.81092334
3296,0.81107473
9698,0.24672267
4062,0.8120616
4109,0.81092334
11358,0.8102575
15456,0.24581224
11332,0.2604443
8827,0.81139874
16496,0.2915283
12317,0.25187433
7951,0.23270486
10682,0.77942085
7705,0.23270486
17568,0.23288131
6586,0.24626698
1363,0.81107473
17496,0.23270486
7038,0.23669054
1732,0.23270486
6737,0.23270486
7892,0.7669655
6987,0.23288131
17405,0.22989461
6486,0.2456291
5362,0.23270486
14816,0.23270486
17048,0.22989461
12281,0.23270486
2586,0.22989461
12951,0.27798143
17847,0.23288131
424,0.81243575
3829,0.81092334
490,0.24672267
10626,0.8102575
11130,0.8102575
3015,0.81092334
12865,0.8070617
5987,0.81139874
6397,0.24013159
9941,0.2456291
13982,0.68204015
17401,0.2504748
10021,0.25825363
1017,0.81092334
8309,0.81243575
9198,0.81107473
8453,0.81243575
2622,0.81107473
5222,0.23270486
2039,0.81243575
8678,0.81092334
4172,0.8063854
11400,0.81243575
9972,0.81139874
7566,0.8064378
3508,0.24958037
1780,0.8007779
15274,0.8102575
17582,0.81092334
16149,0.25148398
1144,0.2460836
7679,0.8102575
2302,0.81243575
15409,0.81243575
9798,0.8063854
6171,0.25168818
11186,0.23270486
17660,0.23270486
8912,0.81139874
3484,0.24416839
12573,0.25785682
3697,0.81139874
2286,0.2523369
1547,0.22989461
10876,0.81092334
13630,0.22989461
2635,0.2460836
12269,0.23585458
5589,0.81092334
6252,0.2777832
15775,0.79470736
2867,0.23948604
7238,0.27553135
14716,0.8067679
1051,0.25148398
204,0.7981213
8277,0.81139874
15612,0.25028935
15235,0.81092334
12749,0.24047928
14116,0.8102575
4332,0.81139874
2429,0.81139874
10442,0.2600453
15502,0.81243575
10267,0.3146465
10418,0.78197086
7353,0.81243575
3688,0.81139874
1913,0.77942085
14837,0.81243575
421,0.81107473
5006,0.81243575
17705,0.23270486
1922,0.81243575
3299,0.81139874
9763,0.24958037
4316,0.25683084
7156,0.81107473
10192,0.80498725
11670,0.81107473
9958,0.24581224
17073,0.809932
2401,0.23989709
16008,0.23270486
16745,0.81107473
3793,0.81092334
10877,0.8102575
11912,0.8064378
3388,0.80605483
9131,0.24009489
113,0.24009489
9517,0.25854307
2219,0.81092334
11576,0.8067679
17498,0.8028792
16048,0.81243575
2656,0.8067679
8498,0.81243575
141,0.80782425
1229,0.81243575
14402,0.7813673
17693,0.8102575
14078,0.27553135
12165,0.23288131
638,0.3146465
2394,0.81139874
11555,0.2460836
9018,0.27553135
13082,0.25187433
321,0.25187433
9727,0.80676407
984,0.2381206
9134,0.809932
8747,0.81243575
3217,0.81139874
14408,0.81139874
15526,0.81139874
1794,0.81092334
6176,0.81243575
13582,0.24462111
4585,0.8102575
5676,0.81243575
8325,0.80498725
8291,0.25872388
17805,0.81092334
2551,0.809932
528,0.81243575
14258,0.81243575
12237,0.81092334
9549,0.81243575
2760,0.81243575
6578,0.24958037
13110,0.80605483
15042,0.28544074
8275,0.81139874
13560,0.81139874
11224,0.22989461
4135,0.81107473
15852,0.8102575
2223,0.81107473
7140,0.24790765
12182,0.7957094
16858,0.80782425
13929,0.23270486
5025,0.81243575
6352,0.81243575
11930,0.2521505
12758,0.8120616
15113,0.81092334
11164,0.81243575
9810,0.81092334
2324,0.81092334
2947,0.7813673
1945,0.81243575
14987,0.81092334
16599,0.25168818
6266,0.81092334
10197,0.8067679
7463,0.81243575
3660,0.81092334
6657,0.7981213
3364,0.81092334
7740,0.809932
461,0.81243575
11520,0.81092334
11960,0.79843795
13417,0.29423055
17503,0.23288131
10719,0.81243575
11878,0.640776
4244,0.81139874
9837,0.22989461
14163,0.81092334
8858,0.23288131
8922,0.81243575
3843,0.779842
17103,0.23270486
12714,0.81139874
601,0.24462111
7469,0.25168818
17715,0.7813673
5686,0.2604443
3973,0.81092334
7324,0.231574
16898,0.22989461
8831,0.61847883
8322,0.78160983
8175,0.23270486
10113,0.7977391
5886,0.23850207
17707,0.81243575
1531,0.809932
2596,0.24195938
10014,0.81243575
7957,0.23669054
9908,0.81243575
7658,0.8102575
2114,0.8120616
4166,0.81139874
16579,0.2831418
13376,0.81243575
11273,0.8067679
5682,0.25187433
10315,0.77384067
4553,0.81092334
1253,0.81092334
8821,0.8035647
17102,0.259782
8765,0.6413405
13137,0.81092334
6150,0.24653906
6315,0.81092334
13131,0.23288131
4622,0.81139874
6603,0.81092334
961,0.8021749
11804,0.81139874
16259,0.78020513
9431,0.81243575
606,0.81139874
17450,0.81092334
14483,0.81243575
1491,0.77384067
17626,0.24626698
12808,0.2523369
6504,0.8102575
548,0.8070617
7835,0.2604443
16937,0.25997204
10227,0.81092334
11911,0.81243575
15471,0.24626698
5792,0.77942085
5712,0.23270486
13731,0.81092334
9720,0.81092334
17001,0.81107473
4117,0.3107877
7879,0.81243575
15626,0.809932
9518,0.809932
4359,0.81243575
4361,0.77942085
16651,0.81243575
14069,0.7813673
6680,0.2890616
8714,0.81107473
6473,0.7950524
843,0.27521616
9600,0.81107473
16044,0.81107473
6073,0.81107473
9367,0.81092334
16541,0.2456291
15933,0.81243575
3325,0.81243575
7367,0.8064378
186,0.81139874
13837,0.24416839
6580,0.81243575
3808,0.809932
12197,0.81107473
8441,0.81092334
306,0.81139874
4595,0.23270486
13262,0.81107473
12795,0.81092334
7533,0.81107473
5845,0.81139874
9971,0.81139874
3122,0.81092334
1395,0.27869755
8502,0.3078227
12176,0.81243575
2849,0.22989461
4725,0.8004401
15546,0.27553135
10300,0.779842
2404,0.8120616
7437,0.81243575
12204,0.81243575
3898,0.8102575
1549,0.81243575
7435,0.25028935
2829,0.81092334
3755,0.79470736
12309,0.81092334
3724,0.23245776
3611,0.63094604
1646,0.81243575
8198,0.81243575
9100,0.25148398
770,0.81092334
4091,0.81243575
5143,0.81092334
3271,0.23270486
17060,0.24195938
15907,0.779842
3346,0.81092334
4368,0.23989709
13190,0.32011303
8456,0.8120616
7322,0.24360496
5342,0.2746234
6064,0.81092334
515,0.79843795
10229,0.2368691
16665,0.6287582
17561,0.809932
15076,0.81139874
12495,0.2523369
5670,0.81243575
3689,0.81243575
16673,0.23270486
13139,0.81139874
13533,0.8120616
16492,0.23669054
9066,0.2583266
14215,0.25028935
16881,0.81092334
14508,0.29672164
4035,0.81243575
5031,0.7723001
10714,0.81107473
8405,0.81092334
2719,0.24581224
12585,0.81243575
9033,0.81092334
13931,0.27553135
7793,0.24177818
6440,0.29426092
11127,0.24360496
7347,0.24009489
13267,0.23829989
2704,0.24672267
9107,0.8021749
12947,0.23940097
12120,0.8102575
6905,0.81243575
9201,0.32227024
664,0.81139874
14856,0.8102575
8634,0.81139874
4632,0.8102575
5012,0.81139874
13345,0.81243575
14777,0.81107473
9926,0.34887457
15695,0.30383274
16534,0.23829989
17611,0.23288131
15614,0.23315921
7519,0.23288131
3855,0.35609958
714,0.35780758
12730,0.23288131
4845,0.35609958
5644,0.34364963
1394,0.34358177
13577,0.2504748
17089,0.23829989
11089,0.34915102
5005,0.29393816
7394,0.23270486
13307,0.35039
5982,0.3620239
11560,0.25683084
477,0.23288131
6156,0.36706948
7981,0.35609958
9179,0.2400318
15634,0.25028935
11753,0.33392784
9886,0.36030707
10038,0.36259067
7045,0.3560144
8262,0.36171874
3206,0.23288131
2481,0.23315921
13271,0.25997204
16293,0.23334087
8814,0.3430969
8006,0.35609958
10983,0.36171874
8131,0.32680336
14529,0.36030707
1942,0.3430969
12771,0.36343846
91,0.32680336
10544,0.36259067
3239,0.3426201
2959,0.24360496
6302,0.33637983
9872,0.36030707
14497,0.23585458
11165,0.26428878
3577,0.23288131
9647,0.32680336
10618,0.36343846
14509,0.36030707
10236,0.22989461
16254,0.36259067
17535,0.42136547
7343,0.3430969
8427,0.23288131
13319,0.34317246
17610,0.36030707
1374,0.3430969
5254,0.35609958
4580,0.23829989
13919,0.23288131
5744,0.24360496
9607,0.3486671
4695,0.24627407
5541,0.35609958
3653,0.2583266
4643,0.32680336
15464,0.4006775
11887,0.24626698
16850,0.24626698
10206,0.36343846
9218,0.36030707
3908,0.23288131
9228,0.35609958
14639,0.24626698
7366,0.23288131
2911,0.2523369
6478,0.36171874
11129,0.26603293
2107,0.24626698
15060,0.35087195
17382,0.34970874
13255,0.34317246
3561,0.23288131
10589,0.34317246
3414,0.32680336
434,0.23288131
8707,0.36030707
6688,0.23288131
3144,0.35780758
14048,0.24195938
12657,0.23288131
1616,0.2458825
12436,0.25028935
224,0.3433476
405,0.29661644
5945,0.34358177
6116,0.36849236
3915,0.3430969
9092,0.41927668
11659,0.36171874
13780,0.3620239
15728,0.3430969
14725,0.23315921
16555,0.3426201
12232,0.25872388
1779,0.3426201
2600,0.23288131
14348,0.36171874
8008,0.2400318
16372,0.35094813
13011,0.3556145
13835,0.2504748
17108,0.3426201
17718,0.3430969
17335,0.3620239
6864,0.35780758
12700,0.36171874
1901,0.25825363
6880,0.23585458
5808,0.25854307
11839,0.2905036
2094,0.3556145
4194,0.24031194
66,0.23288131
1795,0.3575584
37,0.23288131
5770,0.25683084
17666,0.24581224
1292,0.36171874
15435,0.41927668
2766,0.24626698
13598,0.36171874
13977,0.23315921
9200,0.24416839
11558,0.3575584
11802,0.24626698
16170,0.36259067
16257,0.35812214
4537,0.23288131
14573,0.23315921
3392,0.29661644
15177,0.29419637
1966,0.3620239
936,0.3426201
8415,0.35609958
12507,0.25997204
1048,0.25854307
12922,0.36343846
16184,0.35780758
4860,0.23288131
1258,0.36343846
6079,0.28873923
6605,0.41987416
16841,0.36171874
4479,0.2981501
2761,0.23245776
9333,0.3426201
7268,0.34947944
12757,0.2524845
14329,0.29661644
6879,0.24360496
13304,0.36400622
16060,0.36259067
5620,0.25683084
15018,0.23288131
4962,0.3620239
14371,0.35094813
15112,0.24360496
16026,0.35609958
13114,0.2504748
12284,0.28873923
6801,0.25664228
5259,0.36343846
2519,0.3620239
1162,0.34317246
13295,0.3430969
13940,0.24626698
16248,0.3620239
11297,0.36343846
5970,0.23288131
2406,0.36030707
16462,0.35780758
10608,0.29183263
14660,0.24581224
2938,0.23288131
2268,0.23288131
14921,0.23315921
4104,0.24009489
3869,0.36477378
16098,0.23288131
630,0.34358177
9042,0.23288131
15246,0.23288131
11455,0.36030707
15166,0.36171874
1669,0.34317246
4396,0.35609958
11866,0.32680336
12926,0.23288131
6494,0.23288131
15500,0.34364963
17664,0.41987416
16118,0.35780758
1858,0.23288131
17586,0.35536602
6502,0.3583715
15087,0.3430969
10304,0.35780758
196,0.32726908
4126,0.23829989
68,0.29661644
3545,0.23288131
9731,0.3430969
9191,0.35609958
9489,0.35585093
16107,0.36343846
10560,0.3575584
9305,0.3620239
3673,0.3426201
14742,0.23315921
8347,0.23288131
11131,0.32726908
14072,0.35609958
5545,0.23288131
3702,0.24793936
12465,0.35609958
3021,0.2523369
10133,0.23288131
14498,0.25825363
5062,0.34317246
16223,0.25683084
16725,0.29095918
17181,0.23288131
17720,0.35780758
13269,0.36343846
17345,0.23288131
6833,0.35609958
3797,0.3426201
4378,0.36030707
11146,0.36400622
7247,0.34922767
9496,0.4006775
2922,0.35087195
3100,0.35780758
6087,0.35094813
16516,0.2504748
10583,0.24626698
3891,0.35780758
16150,0.34364963
15040,0.24360496
15327,0.3631876
9123,0.23829989
15989,0.24581224
1232,0.36343846
10820,0.34220293
3176,0.2400318
1053,0.3430969
350,0.3620239
13372,0.23585458
9005,0.23270486
17673,0.35609958
16894,0.35780758
4513,0.41987416
12444,0.2460836
15810,0.35609958
9929,0.33392784
5665,0.3426201
6277,0.34364963
1311,0.3433476
17264,0.23288131
3516,0.23288131
16458,0.36343846
7234,0.24755313
13615,0.3620239
4169,0.32726908
739,0.25825363
17651,0.36343846
8121,0.24626698
10432,0.2500859
4883,0.35039
3069,0.24627407
16443,0.24581224
4498,0.2504748
9928,0.23245776
553,0.25187433
5795,0.23585458
16829,0.3430969
7825,0.36343846
15638,0.23585458
14901,0.23585458
14472,0.24626698
12287,0.3575584
7495,0.36030707
4221,0.35609958
5247,0.34317246
11156,0.3575584
11464,0.2500859
5089,0.38728935
17028,0.36171874
13755,0.334397
2746,0.334397
17536,0.35780758
16552,0.3426201
9204,0.23829989
3865,0.23351766
12282,0.23288131
3168,0.36171874
6743,0.24581224
9554,0.23288131
13026,0.23829989
3674,0.23991466
8726,0.35780758
5322,0.23288131
11172,0.35609958
4045,0.33809513
16268,0.24360496
16142,0.24581224
15390,0.32680336
17406,0.25997204
16747,0.334397
17120,0.25997204
16015,0.36343846
12470,0.32680336
2677,0.36259067
11024,0.35609958
149,0.3620239
9494,0.23263408
308,0.36030707
2662,0.36400622
10781,0.23288131
12516,0.334397
14330,0.3620239
10765,0.36030707
9468,0.35780758
8184,0.35780758
6347,0.23288131
14739,0.23288131
13621,0.23829989
9907,0.23829989
2509,0.32726908
1946,0.2504748
11219,0.23288131
10008,0.35780758
16411,0.25028935
5799,0.36171874
2554,0.23288131
4136,0.35780758
9692,0.23288131
10233,0.23829989
1482,0.3620239
6249,0.3426201
7561,0.36030707
16631,0.35609958
5335,0.35609958
6375,0.3426201
14104,0.35780758
17687,0.25872388
9439,0.2981501
4151,0.2504748
11599,0.35609958
3893,0.23288131
829,0.24009489
11972,0.36171874
7610,0.3394261
16710,0.34533015
16683,0.23288131
6233,0.4030558
11547,0.4006775
14182,0.28873923
12510,0.23270486
3216,0.40246564
247,0.24581224
10599,0.24581224
10493,0.3426201
15667,0.25187433
13541,0.3426201
2775,0.35609958
12690,0.35609958
10172,0.28873923
4781,0.34317246
5166,0.3426201
999,0.3426201
5371,0.35609958
7733,0.36343846
1728,0.34364963
6901,0.23288131
14369,0.32680336
11751,0.23288131
4064,0.34364963
10957,0.34112725
7344,0.34220293
10193,0.34364963
12385,0.23829989
4383,0.35609958
14996,0.259782
14636,0.42136547
13451,0.36171874
16019,0.34364963
2463,0.2400318
9237,0.35609958
6416,0.34364963
10666,0.3620239
315,0.36005715
533,0.35094813
9050,0.35609958
12877,0.3583715
5629,0.36706948
12663,0.23829989
5213,0.24626698
6308,0.24581224
10460,0.25825363
7714,0.36030707
1370,0.32726908
15887,0.36171874
1204,0.33345735
13802,0.23829989
9077,0.23288131
10488,0.23288131
11534,0.24581224
14631,0.2500859
5229,0.35780758
11681,0.3617734
10631,0.24581224
112,0.23288131
12458,0.36171874
14730,0.35609958
16921,0.35780758
17081,0.34317246
9206,0.23288131
8932,0.34358177
10499,0.24009489
8172,0.35609958
3279,0.36259067
4485,0.2400318
2687,0.36030707
3452,0.23288131
1505,0.23288131
7150,0.23829989
835,0.34317246
11614,0.36171874
17104,0.35094813
5789,0.36030707
12208,0.34317246
7828,0.23288131
17292,0.3426201
354,0.35585093
319,0.35188094
6818,0.24607283
17032,0.3426201
4441,0.23829989
11554,0.23315921
8886,0.36030707
1745,0.35780758
8752,0.3430969
2198,0.3620239
4254,0.34317246
5610,0.34317246
15532,0.36619294
7745,0.35780758
12371,0.35609958
12676,0.23940097
17391,0.32680336
5011,0.3575584
13015,0.24170065
10240,0.23288131
6962,0.23288131
7619,0.3631876
9835,0.41987416
13753,0.25997204
5116,0.36030707
5823,0.36343846
17769,0.25806442
8970,0.35094813
4550,0.25872388
6870,0.23288131
11504,0.34006324
5556,0.36030707
8462,0.36343846
12451,0.3430969
13515,0.3620239
8248,0.23288131
10960,0.23669054
7132,0.36343846
7983,0.23288131
10410,0.25854307
3440,0.3617734
14447,0.34364963
14356,0.35039
6117,0.36171874
11759,0.23829989
5625,0.23288131
13943,0.23288131
3473,0.24626698
6956,0.23288131
11048,0.23829989
11536,0.32680336
3913,0.23351766
10792,0.32680336
4723,0.23288131
16,0.28842005
12245,0.32680336
12586,0.23288131
7336,0.23288131
1384,0.29661644
17238,0.23288131
5726,0.3430969
13499,0.24626698
9371,0.23288131
3823,0.24626698
14915,0.23288131
7848,0.32680336
703,0.24626698
3017,0.23288131
3312,0.24626698
14791,0.23288131
1463,0.2504748
3778,0.23288131
1019,0.23288131
33,0.23288131
2357,0.3426201
329,0.23288131
10363,0.24581224
12534,0.23288131
5804,0.36171874
13288,0.3426201
7796,0.4006775
6038,0.26428878
4038,0.25187433
9071,0.36259067
12934,0.35609958
137,0.23270486
5086,0.24195938
2087,0.35039
11299,0.34287068
16607,0.34287068
1760,0.3426201
17065,0.33408892
13493,0.35780758
17755,0.2981501
6032,0.28842005
7930,0.25148398
11091,0.3583715
12090,0.24360496
10893,0.35780758
3493,0.23288131
10035,0.36259067
9755,0.24177818
7973,0.36030707
17115,0.36343846
10610,0.36146843
485,0.35732144
763,0.3583715
8107,0.3620239
17424,0.25997204
7528,0.35609958
14907,0.25854307
14762,0.36171874
10843,0.25854307
13236,0.23288131
11392,0.35609958
3324,0.35780758
15306,0.24009489
3680,0.35609958
4830,0.35780758
4549,0.2504748
848,0.36343846
12106,0.35780758
4567,0.24342296
15877,0.23829989
15690,0.33809513
16429,0.334397
6772,0.25683084
6411,0.36030707
6069,0.23288131
195,0.25187433
459,0.36343846
13538,0.35609958
2016,0.23270486
15035,0.35094813
12655,0.23288131
1405,0.2504748
2164,0.35609958
898,0.36171874
5678,0.35609958
8757,0.24360496
5277,0.34358177
8602,0.35039
1839,0.35780758
398,0.3620239
12752,0.24626698
1818,0.6413405
1042,0.35780758
14053,0.23585458
9000,0.33392614
14643,0.35609958
15107,0.2470214
14963,0.63906145
